ear_mean,ear_std,ear_threshold,mar_mean,mar_std,mar_threshold
0.421177461808083,0.011821071356714815,-20.93278609586766,1.4957502853456155,0.05633325688022184,12.859587849260272
