ear_mean,ear_std,ear_threshold,mar_mean,mar_std,mar_threshold
0.4072365520200255,0.016417476617178097,-15.710847345841088,1.3193058585571544,0.01567383202442761,58.059709334805014
