ear_mean,ear_std,ear_threshold,mar_mean,mar_std,mar_threshold
0.4913053465329338,0.017526923233383403,-18.162638848603436,1.1660379329867248,0.03933196504336406,27.449901971078102